case,audio_s,phase,trials,warm_samples,warm_median_ms,warm_min_ms,warm_max_ms,first_median_ms,load_median_ms,peak_main_process_gib,max_word_errors,max_reference_words
moonshine_coreml_all,11.0,cached,2,10,237.5,228,321,1459.0,3269.0,1.726715087890625,0,22
moonshine_coreml_all,11.0,fresh_cache,1,5,235,226,251,1501,4365,1.75823974609375,0,22
moonshine_coreml_all,33.0,cached,2,10,1121.0,851,2156,2619.0,3487.0,4.0462493896484375,0,66
moonshine_coreml_all,55.0,cached,2,10,3434.5,3321,4277,5453.0,2944.0,7.4514312744140625,220,110
moonshine_coreml_neural,11.0,cached,2,10,230.5,223,281,877.5,3228.0,1.433502197265625,0,22
moonshine_coreml_neural,11.0,fresh_cache,1,5,213,209,220,727,3893,1.438079833984375,0,22
moonshine_coreml_neural,33.0,cached,2,10,889.5,832,1238,1609.0,2972.5,3.310791015625,0,66
moonshine_coreml_neural,55.0,cached,2,10,3305.0,3288,3348,4146.5,2772.5,6.210479736328125,220,110
moonshine_cpu,11.0,cached,2,10,164.0,153,196,204.0,355.5,0.9274139404296875,0,22
moonshine_cpu,33.0,cached,2,10,602.0,558,648,649.5,350.5,1.33782958984375,0,66
moonshine_cpu,55.0,cached,2,10,2776.5,2753,2827,2890.5,318.0,2.0637664794921875,220,110
parakeet_cpu,11.0,cached,2,10,317.5,316,341,328.5,252.0,1.2233734130859375,0,22
parakeet_cpu,33.0,cached,2,10,1354.5,1266,1389,1285.5,217.0,1.314453125,0,66
parakeet_cpu,55.0,cached,2,10,1987.0,1961,2026,1944.0,197.5,1.4186248779296875,0,110
parakeet_cpu,66.0,cached,2,10,2508.5,2429,2578,2444.0,192.5,1.467071533203125,0,132
parakeet_metal,11.0,cached,2,10,62.0,61,63,107.0,175.0,0.8963470458984375,0,22
parakeet_metal,33.0,cached,2,10,149.5,137,196,186.5,181.5,0.9078521728515625,0,66
parakeet_metal,55.0,cached,2,10,222.0,218,229,249.5,148.5,0.9363861083984375,0,110
parakeet_metal,66.0,cached,2,10,287.5,282,298,311.0,157.5,0.9413909912109375,0,132
parakeet_metal_original,11.0,cached,2,10,66.0,62,73,142.5,296.0,0.897705078125,0,22
parakeet_metal_original,33.0,cached,2,10,147.5,135,167,178.5,192.0,0.9082794189453125,0,66
parakeet_metal_original,55.0,cached,2,10,222.0,219,225,246.0,151.5,0.936004638671875,0,110
parakeet_metal_original,66.0,cached,2,10,291.0,284,348,311.0,165.0,0.9417877197265625,0,132
